source,title,company,location,contract_type,sector,experience,education,salary,description,skills_raw,url,posted_date,scraped_at
emploi_ma,Chef de Projet Confirmé Etudes D´Exécution CFO - Casablanca,B2I,Casablanca-Mohammedia,CDI,Secteur d´activité,Expérience entre 5 ans et 10 ans & Expérience > 10 ans,Bac+5 et plus,15 000 - 20 000 DH,"Qui sommes-nous ? Acteur reconnu dans le domaine du génie électrique, nous intervenons sur des projets tertiaires d’envergure en France. Notre engagement : l’excellence technique au service de la qualité d’exécution. Nous intervenons principalement sur des projets sous processus BIM. Dans le cadre de notre développement, nous recherchons un Chef de Projet Expérimenté en Études Exécution CFO/CFA/SSI pour renforcer notre pôle ingénierie. Votre mission Rattaché(e) au Responsable du Bureau d’Études, vous prenez en charge la gestion complète des études d’exécution sur des projets tertiaires complexes (bureaux, hôpitaux, équipements publics, etc.). À ce titre, vos principales responsabilités seront : Piloter et coordonner une équipe d’ingénieurs, projeteurs et dessinateurs, Être garant de la production et de la qualité technique des documents critiques : plans d’exécution, schémas, synoptiques, notes de calculs, DOE… Participer activement à la production, notamment sur les éléments stratégiques Assurer l’interface technique et l’organisation auprès du Chef de Projet de notre BET en France, Veiller au respect des délais, budgets et exigences contractuelles Participer à la montée en compétence de vos équipes, vous êtes un véritable « capitaine » pour les collaborateurs qui vous sont confiés.",AUTOCAD - AUTOCAD ELECTRICAL - BIM - CANECO BT - DIALUX - Électrotechnique - Génie Électrique - REVIT,https://www.emploi.ma/offre-emploi-maroc/chef-projet-confirme-etudes-execution-cfo-casablanca-9255591,2026-04-19,2026-04-19T22:44:30.956073
emploi_ma,Consultant RPA et Automatisation  - Mohammedia,BRIQUETERIE JBEL ANNOUR,Casablanca-Mohammedia,CDI,Secteur d´activité,Expérience entre 2 ans et 5 ans et plus,"Bac+3, Bac+4 & Bac+5 et plus",N/A,"Nous sommes à la recherche des Consultants RPA et Automatisation. Le Consultant RPA est chargé d’analyser, concevoir, développer, déployer et maintenir des solutions d’automatisation des processus métiers à l’aide d’outils RPA, afin d’améliorer la performance opérationnelle, réduire les coûts et sécuriser les processus.",BLUE - PRISM,https://www.emploi.ma/offre-emploi-maroc/consultant-rpa-automatisation-mohammedia-9261204,2026-04-19,2026-04-19T22:44:39.514049
emploi_ma,Ingénieur Process (H/F) - Casablanca,EXPERT EYE ENGINEERING,Casablanca-Mohammedia,CDI,Secteur d´activité,Expérience entre 5 ans et 10 ans & Expérience > 10 ans,Bac+5 et plus,N/A,"Nous sommes à la recherche d'un Ingénieur Process (H/F). Missions principales Intégré au pôle ingénierie, l’ingénieur process interviendra sur des projets industriels, énergétiques et d’infrastructures, principalement en phase études : Réalisation des études de procédé (faisabilité, APS, APD, ingénierie de base et détaillée) Élaboration et mise à jour des PFD / PID, bilans matière et énergie Définition des bases de conception (Design Basis) et notes de calcul process Réalisation des calculs hydrauliques (pertes de charge, dimensionnement des lignes, sélection des pompes, régimes d’écoulement) Réalisation des calculs de flexibilité des réseaux de tuyauterie en coordination avec la discipline piping Dimensionnement des équipements process (réservoirs, échangeurs, pompes, compresseurs, colonnes, utilités, etc.) Rédaction des spécifications techniques process pour consultation fournisseurs Analyse des conditions opératoires, transitoires et scénarios de fonctionnement Participation aux études de sécurité (HAZID, HAZOP, ATEX – selon projets) Interface technique avec les disciplines piping, mécanique, instrumentation et électricité Participation aux revues techniques clients et internes",BTP - Dimensionnement - Énergie - HAZOP - Instrumentation - Tuyauterie,https://www.emploi.ma/offre-emploi-maroc/ingenieur-process-hf-casablanca-9272501,2026-04-19,2026-04-19T22:44:49.254877
emploi_ma,Responsables de Magasin - Casablanca et El Jadida,MARJANE MARKET,Casablanca-Mohammedia,CDI,Secteur d´activité,Expérience entre 2 ans et 5 ans,Bac+4 & Bac+5 et plus,N/A,"Dans le cadre de l’ouverture de nouveaux sites, Marjane Market recrute des Responsables Magasins (H/F) pour les villes de : Casablanca et El Jadida. Vous serez rattaché au Directeur Régional, vous dirigez une surface de vente, coordonnez et optimisez l’activité, contrôlez la gestion quotidienne et encadrez une équipe. Dans ce cadre vous serez directement responsable du résultat d’exploitation du magasin et pleinement impliqué(e) sur les missions suivantes : Contribuer au développement du chiffre d’affaires et de la marge ; Établir les prévisions des ventes et s’assurer de la fidélisation des clients…); Établir le budget prévisionnel annuel ; Analyser les tableaux de pilotage et mettre en place des plans d’action, être le garant du respect des procédures ; Animer l’équipe de vente, Organiser la communication interne ; Veiller au respect de la législation sociale et la sécurité.",Vente,https://www.emploi.ma/offre-emploi-maroc/responsables-magasin-casablanca-el-jadida-9273985,2026-04-19,2026-04-19T22:44:58.992218
emploi_ma,Consultant Chef Pâtissier - Casablanca,GROUPE MCE,Casablanca-Mohammedia,Freelance,Secteur d´activité,Expérience entre 2 ans et 5 ans et plus,"Bac+3, Bac+4 & Bac+5 et plus",N/A,"Dans le cadre d’un projet pour le compte de notre client, nous recherchons un Consultant Chef Pâtissier en mission freelance afin d’accompagner le développement de produits et l’amélioration des processus de préparation. Missions principales : Développement de produits Concevoir et finaliser une recette signature Apporter des recommandations techniques pour améliorer la qualité des préparations Participer à l’optimisation des méthodes de production Optimisation des processus Analyser et améliorer les procédés de préparation Proposer des solutions pour optimiser l’organisation et l’efficacité en production Veiller au respect des standards de qualité Accompagnement de l’équipe Former l’équipe aux techniques de préparation Transmettre les bonnes pratiques et le savoir-faire en pâtisserie Assurer un accompagnement opérationnel durant la mission",Accompagnement - Pâtisserie - Tourisme,https://www.emploi.ma/offre-emploi-maroc/consultant-chef-patissier-casablanca-9274345,2026-04-19,2026-04-19T22:45:08.306884
emploi_ma,Ingénieur(e) d’Études en Génie Civil - Chef de Projets - Barrage - Rabat,INNOV ENGINEERING CONSULTING,Rabat-Salé-Kénitra,CDI,Secteur d´activité,Expérience entre 5 ans et 10 ans & Expérience > 10 ans,Bac+5 et plus,N/A,Nous sommes à la recherche d'un Ingénieur(e) d’Études en Génie Civil - Chef de Projets - Barrage. Missions: Réaliser des études de projets au sein d’une équipe pluridisciplinaire ; Réaliser des calculs propres au dimensionnement et à la justification du projet correspondant ; Participer aux réunions avec les clients et les parties prenantes,Dimensionnement,https://www.emploi.ma/offre-emploi-maroc/ingenieure-etudes-genie-civil-chef-projets-barrage-rabat-9278628,2026-04-19,2026-04-19T22:45:17.245060
emploi_ma,Prospecteur International - VEO - Espagnol (H/F) - Rabat,DARE TALENT DEVELOPMENT,Rabat-Salé-Kénitra,Freelance,Secteur d´activité,"Etudiant, jeune diplômé et plus","Bac, Bac+1, Bac+2, Bac+3 & Bac+4",N/A,"À propos de VEO VEO Worldwide Services est une entreprise internationale spécialisée dans le déstockage, avec plus de 19 ans d’expérience . Elle fait partie du groupe NOZ , leader européen du déstockage, réalisant un chiffre d’affaires annuel de plus de 1 milliard d’euros .Nous sommes une équipe de plus de 1 000 collaborateurs répartis dans 9 pays , travaillant avec des partenaires dans 35 marchés en Europe et en Afrique du Nord. Notre mission : Aider les entreprises à valoriser leurs surplus de stock, contribuer à une économie mondiale plus durable et offrir des carrières enrichissantes. Missions de Prospecteur Identifier des opportunités de déstockage : invendus, produits à courte durée de vie, anciennes collections, commandes annulées Collaborer avec les équipes achats et marketing pour préparer les stratégies de négociation et développer des approches commerciales efficaces Analyser et qualifier les données marché afin de proposer les meilleures solutions à nos partenaires Ce que nous offrons Opportunité de générer un revenu attractif ainsi que des primes basées sur la performance. Formation intensive de 4 mois + accompagnement (DARE Academy) Déplacements internationaux et participation à des salons professionnels Évolution de carrière rapide : Buyer, Manager, Trainer Environnement multiculturel avec des équipes internationales",Achats - Négociation - Vente,https://www.emploi.ma/offre-emploi-maroc/prospecteur-international-veo-hf-rabat-9287429,2026-04-19,2026-04-19T22:45:27.380595
emploi_ma,Chef de Projet Trade Marketing - Casablanca,DIRECT SALES,Casablanca-Mohammedia,CDI,Secteur d´activité,"Etudiant, jeune diplômé et plus",Bac+4 & Bac+5 et plus,6 000 - 8 000 DH,"Nous sommes à la recherche d'un Chef de Projet Trade Marketing. En tant que Chef de Projet Trade Marketing , vous piloterez des opérations commerciales complètes du terrain à l'analyse , en coordonnant des animations commerciales et en exploitant les données pour optimiser les campagnes. Responsabilités principales Terrain (50%) Coordonner et superviser opérations street marketing (caravanes, animations, événements) Assurer présence terrain et veiller à l'exécution conforme aux spécifications Manager équipes d'animateurs et gérer logistique déploiement Résoudre problèmes opérationnels en direct et en temps réel Vérifier qualité et respect des délais d'exécution Collecter données terrain (participations, acquisitions, retours clients) Analyse de Données (50%) Analyser résultats post-campagnes (KPIs, ROI, conversions) Exploiter données collectées pour générer insights actionnables Créer rapports bilans détaillés avec visualisations Identifier tendances et axes d'amélioration Formuler recommandations stratégiques pour optimiser futures campagnes Utiliser outils BI/analytics (Tableau, Power BI, Google Analytics) Présenter résultats aux décideurs en format clair & percutan",Communication - Marketing,https://www.emploi.ma/offre-emploi-maroc/chef-projet-trade-marketing-casablanca-9287543,2026-04-19,2026-04-19T22:45:36.871047
emploi_ma,Responsable Finance et Comptabilité - Kénitra,TK BETON,Rabat-Salé-Kénitra,CDI,Secteur d´activité,Expérience entre 2 ans et 5 ans & Expérience entre 5 ans et 10 ans,Bac+5 et plus,N/A,"Nous sommes un groupe industriel basé dans la région de kenitra nous recrutons un Responsable Financier Groupe pour rejoindre notre équipe et accompagner notre développement. Missions principales : En tant que Responsable Financier, vous serez un acteur clé dans la gestion financière du groupe. Vos principales missions seront les suivantes : Superviser l'ensemble des fonctions financières : comptabilité, trésorerie, contrôle de gestion, fiscalité, etc. Élaborer, mettre en place et suivre les budgets et les prévisions financières. Analyser les résultats financiers et fournir des recommandations à la direction générale pour soutenir la prise de décisions stratégiques. Assurer la gestion de la trésorerie et optimiser la rentabilité de l'entreprise. Piloter les audits internes et externes. Participer à la définition des objectifs financiers et à l'élaboration de la stratégie du groupe. Encadrer une équipe de quatre collaborateurs et garantir le bon fonctionnement des services financiers. Assurer la conformité aux normes comptables, fiscales et réglementaires",Comptabilité - Finance - Fiscalité - Gestion - Gestion de la Trésorerie - Gestion Financière - Trésorerie,https://www.emploi.ma/offre-emploi-maroc/responsable-finance-comptabilite-kenitra-9289332,2026-04-19,2026-04-19T22:45:46.312967
emploi_ma,Agent de Sécurité - Kénitra Amer Seflia,EDSN,Rabat-Salé-Kénitra,"CDI, CDD & Anapec",Secteur d´activité,Débutant < 2 ans & Expérience entre 2 ans et 5 ans,"Bac, Bac+1, Bac+2, Bac+3, Bac+4 & Bac+5 et plus",N/A,"Dans le cadre du renforcement des équipes de notre client, nous recrutons plusieurs profils d’ Agents de Sécurité pour intervenir au sein d’un site basé à Kénitra (Zone Franche Ouled Bourahma). Profils recherchés : Agent de gardiennage Agent de gardiennage maître-chien Agent rondier Agent fouilleur Agent opérateur vidéo Agent d’accueil (portier)",Accueil - Gardiennage - Sécurité,https://www.emploi.ma/offre-emploi-maroc/agent-securite-kenitra-kenitra-amer-seflia-9291531,2026-04-19,2026-04-19T22:45:55.750015
emploi_ma,Assistante de Direction - Nouaceur,N/A,Casablanca-Mohammedia,CDI,Secteur d´activité,Expérience entre 2 ans et 5 ans et plus,Bac+4 & Bac+5 et plus,N/A,"Nous sommes à la recherche d'une Assistante de Direction. Missions principales: Gérer les notes de frais. Réaliser des commandes de matériel, de fournitures, de consommables et vérifier la conformité des livraisons. Assurer le suivi des conditions d’exécution d’un contrat, être le support ponctuel à l’administration des ventes (commandes clients, factures clients, BL…). Organiser le tri et l’archivage des documents importants Gérer et actualiser la documentation professionnelle et réglementaire. Organiser le tri et l’archivage des documents importants rédiger des rapports de gestion . suivre et traiter les contrats",Administration - Archivage - Assistanat - Communication - Communication Écrite - Documentation - Gestion - Gestion Administrative - Management - Management d'Entreprise - Support,https://www.emploi.ma/offre-emploi-maroc/assistante-direction-nouaceur-9301378,2026-04-19,2026-04-19T22:46:04.209402
emploi_ma,Area Manager – Gamme Ville (Afrique) - Afrique,AMANYS PHARMA,Rabat-Salé-Kénitra & International,CDI,Secteur d´activité,Expérience entre 5 ans et 10 ans & Expérience > 10 ans,Bac+5 et plus,N/A,"Amanys Pharma recrute Area Manager – Gamme Ville (Afrique). Rattachement : Business Development Lead – AMEA Responsabilités clés 1. Développement stratégique & commercial : Définir et déployer la stratégie commerciale et marketing Identifier et concrétiser de nouvelles opportunités de croissance (produits, marchés, canaux). Contribuer à la stratégie d’accès au marché et au développement du portefeuille. 2. Gestion des partenaires & distribution Développer, structurer et piloter un réseau de distributeurs et partenaires locaux. Superviser les agences de promotion et assurer un suivi rigoureux des plans d’activation terrain. Négocier les accords commerciaux (pricing, incentives, exclusivité) et garantir leur exécution. 3. Performance & pilotage business Atteindre les objectifs de chiffre d’affaires, de parts de marché et de rentabilité. Suivre et analyser la performance des partenaires (sell-in / sell-out). Mettre en place des plans correctifs et d’optimisation (distribution, couverture, promotion). 4. Marketing & activation Définir, mettre en œuvre et suivre les plans marketing adaptés à chaque marché. Piloter les lancements produits en coordination avec les équipes internes. 5. Analyse & intelligence marché Analyser les tendances du marché, la concurrence et les évolutions réglementaires. Identifier les opportunités de croissance et les risques business. Construire des recommandations stratégiques basées sur les données (IMS, sell-out, pricing). 6. Coordination interne Travailler en étroite collaboration avec les équipes : Affaires réglementaires, Supply chain, Marketing « ( Finance -Assure une exécution fluide des opérations sur les différents marchés. 7. Reporting & pilotage financier Élaborer des reportings (performance, forecast, risques/opportunités). Suivre les KPIs clés : CA, marges, parts de marché, stocks, prévisions. Contribuer à la construction du budget annuel et du plan stratégique. 8. Représentation & networking Représenter Amanys Pharma auprès des partenaires, autorités de santé et KOLs. Participer aux congrès et événements professionnels. Développer un réseau solide dans l’écosystème pharmaceutique africain.",Business Development - Communication - Marketing - Négociation - Négociation Commerciale - Stratégie Commerciale - Vente,https://www.emploi.ma/offre-emploi-maroc/area-manager-gamme-ville-afrique-afrique-9301658,2026-04-19,2026-04-19T22:46:13.376017
emploi_ma,Architecte - Casablanca,EMPREINTE D'ARCHITECTE,Casablanca-Mohammedia,CDI,Secteur d´activité,Débutant < 2 ans et plus,"Bac+3, Bac+4 & Bac+5 et plus",N/A,"L’agence H+E Architecture Casablanca recrute! Nous renforçons notre équipe et recherchons des Architectes passionnés et motivés, capables d’intervenir sur toutes les phases d’un projet avec : Rigueur Autonomie Esprit d’équipe",Architecture - Formation,https://www.emploi.ma/offre-emploi-maroc/architecte-casablanca-9306253,2026-04-19,2026-04-19T22:46:22.443880
emploi_ma,Technico-Commercial en Signalétique et Impression Numérique - Casablanca,PANELCO,Casablanca-Mohammedia,CDI & CDD,Secteur d´activité,"Etudiant, jeune diplômé et plus","Bac+2, Bac+3, Bac+4 & Bac+5 et plus",N/A,Nous sommes à la recherche d'un Technico-Commercial en Signalétique et Impression Numérique. Missions Accueillir et conseiller les clients au comptoir Comprendre le besoin du client et proposer la solution adaptée Préparer les devis et bons de commande Suivre les commandes clients Coordonner avec l’atelier et le service production Répondre aux demandes par téléphone et WhatsApp Fidéliser les clients et développer les ventes Participer au développement commercial de l’entreprise,BTP - Comptabilité - Développement Commercial - Devis - Finance - Gestion - Vente,https://www.emploi.ma/offre-emploi-maroc/technico-commercial-signaletique-impression-numerique-casblanca-9309782,2026-04-19,2026-04-19T22:46:31.564934
emploi_ma,Assistante Administrative et Commerciale - Casablanca - Marrakech,DOMOCASA,Casablanca-Mohammedia & Marrakech-Safi,CDI,Secteur d´activité,Débutant < 2 ans et plus,"Bac+2, Bac+3, Bac+4 & Bac+5 et plus",5 000 - 6 000 DH,"Domocasa Domocasa est spécialisée dans l’intégration de solutions en courant faible : domotique, réseaux & Wi-Fi, téléphonie, sécurité, audiovisuel et gestion technique des bâtiments. Nous accompagnons nos clients (résidentiel et professionnel, notamment hôtellerie) avec des solutions intelligentes et sur mesure. Nous sommes à la recherche des Assistantes Administratives et Commerciales. Votre mission Véritable support de l’activité, vous intervenez à la fois sur l’administratif et le commercial, en lien direct avec la direction et les équipes. Vos responsabilités : Gestion administrative quotidienne (dossiers, classement, suivi) Rédaction de documents, courriers et comptes rendus Suivi des commandes, facturation et coordination fournisseurs Élaboration et suivi des devis et offres commerciales Suivi des prospects et clients (relances, CRM) Accueil téléphonique et traitement des demandes Support à l’équipe commerciale et participation aux actions marketing (salons, supports…)",Assistanat - CRM - Devis - Dossiers - Facturation - Gestion Administrative - POWERPOINT - Rédaction - Secrétariat - Suivi Commercial - Support - WORD,https://www.emploi.ma/offre-emploi-maroc/assistante-administrative-commerciale-casablanca-marrakech-9311307,2026-04-19,2026-04-19T22:46:41.171105
emploi_ma,"Responsable de Site Web et Growth Manager (SEO, Ads et Contenu) - Casablanca",PIXELPRESS,Casablanca-Mohammedia,CDI,Secteur d´activité,Débutant < 2 ans et plus,Bac+4 & Bac+5 et plus,N/A,"Pixelpress est une startup digitale basée à Casablanca qui conçoit, lance et fait grandir des projets web à fort potentiel.On build, on teste, on scale. Notre objectif : transformer des idées en plateformes performantes capables de générer de l’audience et du revenu. Notre mission : Créer des produits digitaux qui performent, en combinant contenu, acquisition et data pour maximiser leur croissance. Chez Pixelpress, on fonctionne comme une équipe d’entrepreneurs : chacun gère ses projets avec autonomie on teste vite, on apprend vite, on optimise en continu la performance et les résultats sont au cœur de tout Si tu aimes builder, expérimenter et voir l’impact direct de ton travail, tu es au bon endroit. En tant que Responsable de Site Web & Growth Manager, vous serez en charge de la gestion complète d’un ou plusieurs sites, avec un objectif clair : développer leur audience et leur rentabilité. Vos responsabilités incluent : Contenu & SEO Effectuer une veille active et rechercher des opportunités de contenus/offres pertinentes à mettre en avant Rédiger et publier du contenu optimisé pour le web (SEO) Identifier les opportunités de mots-clés et de trafic Améliorer le référencement naturel des sites Acquisition & Publicité Créer, lancer et optimiser des campagnes publicitaires (Meta Ads, etc.) Tester différents formats et audiences pour maximiser les performances Gérer le budget publicitaire et le ROI Social Media & Engagement Gérer les réseaux sociaux des sites Développer la communauté et créer des contenus engageants Identifier et reproduire des contenus viraux Analyse & Performance Suivre les KPI (trafic, conversion, revenus, ROI) Analyser les performances et prendre des décisions basées sur les données Mettre en place des actions pour améliorer la rentabilité Stratégie & Innovation Proposer des idées pour faire croître les sites Effectuer une veille constante en marketing digital Tester de nouvelles stratégies d’acquisition et de monétisation Vous gérez votre site comme un véritable mini business.",Communication - Communication Marketing - Journalisme - Marketing - Marketing Digital - Publicité - Référencement Naturel - Référencement SEO - SEO,https://www.emploi.ma/offre-emploi-maroc/responsable-site-web-growth-manager-seo-ads-contenu-casablanca-9311462,2026-04-19,2026-04-19T22:46:51.116102
emploi_ma,Superviseur Restauration et Shop Station-Service ADM - Oualidia,N/A,Casablanca-Mohammedia,CDI & Intérim,Secteur d´activité,Expérience entre 2 ans et 5 ans,Bac+2 & Bac+3,N/A,"Entreprise spécialisée dans la distribution des produits pétroliers, en plein développement de ses activités, recherche un Superviseur Restauration et Shop Station-Service ADM Oualidia . Vous avez en charge la supervision de toutes les activités liées au restaurant, shop et café de la Station-service. Vous êtes actif en salle, en cuisine pour encadrer les équipes et vous êtes présent en arrière boutique pour assurer la gestion de l’espace cafétéria. Vous avez également pour missions : la bonne gestion du restaurant et la réalisation des objectifs ; la qualité de l’accueil, du service et de la production ; le respect des normes et des standards ; le contrôle de la production et la gestion des stocks (inventaires avant et après exploitation, commandes auprès des fournisseurs, vérification des livraisons...) ; le respect  du  planning et des horaires  du personnel ; la propreté et l’hygiène ; la gestion des caisses : évalue les besoins en monnaie, vérifie les caisses quotidiennes, effectue les remises en banque conformément aux pratiques de l’entreprise ; le Reporting quotidien sur le fonctionnement du restaurant, Shop & Café, la contribution à l’adaptation souhaitable des services et produits avec proposition de nouvelles initiatives ou actions à mettre en œuvre.",Accueil - Cuisine - Hôtellerie - Restauration - Tourisme,https://www.emploi.ma/offre-emploi-maroc/superviseur-restauration-shop-station-service-adm-oualidia-9314822,2026-04-19,2026-04-19T22:46:59.537497
emploi_ma,Chargé d’Affaires IT / Ingénieur Avant-Vente (H/F) - Marrakech,VIGON SYSTEMS,Marrakech-Safi,CDI & CDD,Secteur d´activité,Débutant < 2 ans et plus,"Bac+2, Bac+3, Bac+4 & Bac+5 et plus",8 000 - 10 000 DH,"Nous sommes à la recherche d'un Chargé d’Affaires IT / Ingénieur Avant-Vente (H/F). En tant que Chargé d’Affaires IT / Ingénieur Avant-Vente, vous jouez un rôle central dans le développement commercial et la structuration technique des projets. Vous intervenez dès la phase de qualification du besoin jusqu’à la remise d’offres complètes, en assurant la cohérence entre les exigences client, les contraintes techniques et les objectifs de rentabilité. Vous analysez les besoins clients, proposez des architectures adaptées (réseaux, téléphonie, infrastructure) et élaborez des offres techniques et financières précises, optimisées et compétitives. Vous êtes responsable de la rapidité et de la qualité des chiffrages, en vous appuyant sur un réseau actif de fournisseurs et de distributeurs afin d’obtenir les meilleures conditions en termes de prix, disponibilité et délais. Vous assurez également un rôle de conseil auprès des clients, participez aux présentations techniques et contribuez à la transformation des opportunités en contrats signés. En interne, vous collaborez étroitement avec les équipes techniques pour garantir la faisabilité des solutions proposées et assurer une transition fluide vers les phases de déploiement. Votre mission est orientée résultat : produire des offres fiables rapidement, sécuriser les projets et contribuer directement à la croissance du chiffre d’affaires de l’entreprise.",Achats - ARUBA - Chiffrage - CISCO - FORTINET - Gestion des Fournisseurs - Négociation - Sourcing - VLAN - VOIP - WAN,https://www.emploi.ma/offre-emploi-maroc/charge-affaires-it-ingenieur-avant-vente-hf-marrakech-9316467,2026-04-19,2026-04-19T22:47:08.460011
emploi_ma,Gestionnaire de Plateforme Technique H/F - Casablanca,BUDGET LOCASOM,Casablanca-Mohammedia,CDI,Secteur d´activité,"Etudiant, jeune diplômé & Débutant < 2 ans",Bac+2,N/A,"Nous sommes à la recherche d’un (e) Gestionnaire de Plateforme Technique H/F pour rejoindre notre équipe dynamique. Vous aurez pour mission de gérer et d’optimiser notre plateforme technique, garantissant ainsi son bon fonctionnement et ses performances. Responsabilités : Effectuer un suivi du montage pneumatique des véhicules. Procéder aux relances relatives aux visites techniques des véhicules. Recevoir et traiter les appels en provenance des clients. Orienter les clients et leur fournir l’assistance nécessaire en cas de besoin. Se charger de la prise de rendez-vous avec les prestataires pour les interventions techniques sur les véhicules et établir les Bon de commande relatifs à ces dernières.",Assistance - Formation - Mécanique - Montage - Pneumatique,https://www.emploi.ma/offre-emploi-maroc/gestionnaire-plateforme-technique-hf-casablanca-9319230,2026-04-19,2026-04-19T22:47:16.593418
emploi_ma,Comptable Client - Casablanca,CRIT,Casablanca-Mohammedia,Intérim,Secteur d´activité,Expérience entre 2 ans et 5 ans,Bac+3,4 000 - 5 000 DH,"Dans le cadre d’un besoin en intérim basé à Casablanca (Ain Sebaâ), nous recrutons un Comptable Client chargé d’assurer le suivi des comptes clients et le recouvrement des créances. Le poste implique la gestion des relances clients, le contrôle des dossiers de facturation, le suivi de la balance auxiliaire et des litiges, ainsi que la comptabilisation et le suivi des effets jusqu’à échéance. Vous serez également amené à déclarer le chiffre d’affaires à l’assurance-crédit, suivre les impayés, gérer les grands comptes jusqu’à l’encaissement et coordonner avec l’ADV pour garantir une facturation régulière.",Comptabilité - Facturation - Facturation des Clients - Finance - Gestion - Recouvrement,https://www.emploi.ma/offre-emploi-maroc/comptable-client-casablanca-9319425,2026-04-19,2026-04-19T22:47:26.352333
emploi_ma,Directeur des Achats et Importations - Dubai,TANDYL,International,CDI & CDD,Secteur d´activité,Expérience entre 5 ans et 10 ans & Expérience > 10 ans,"Bac+2, Bac+3, Bac+4 & Bac+5 et plus",N/A,"We are looking for a Procurement and Import Manager. The Procurement and Import Manager is responsible for leading and overseeing the Company’s procurement and import activities across its operations, with primary responsibility from the UAE and support for business needs in African markets. The role combines strategic sourcing, supplier management, import coordination, cost optimization, and compliance oversight to ensure timely, cost-effective, and compliant procurement of goods and services.",Achats - Import - Procurement - Sourcing - Supply - Supply Chain - Supply Chain Management,https://www.emploi.ma/offre-emploi-maroc/directeur-achats-importations-dubai-9319475,2026-04-19,2026-04-19T22:47:36.157805
emploi_ma,Chargé d’Études Fluides (CVC / Plomberie) - Mohammedia,YB INGENIERIE,Agadir - Béni Mellal-Khénifra - Casablanca-Mohammedia - Dakhla -...,CDI,Secteur d´activité,Expérience entre 2 ans et 5 ans et plus,"Bac+2, Bac+3, Bac+4 - Bac+5 et plus",N/A,"Nous sommes à la recherche d'un Chargé d’Études Fluides (CVC / Plomberie). Rattaché(e) au responsable d’études, vous intervenez sur des projets de logements, tertiaires et équipements publics. À ce titre, vos principales missions sont : Réalisation des études d’exécution CVC et plomberie Élaboration des plans (AutoCAD / REVIT) Réalisation des notes de calcul (dimensionnement réseaux, pertes de charge, etc.) Participation à la synthèse technique et coordination avec les autres lots Analyse des dossiers techniques (CCTP, plans, DCE) Participation au chiffrage et à l’optimisation des solutions techniques Mise à jour des plans et documents suite aux retours chantier",AUTOCAD - Chiffrage - Dimensionnement - Génie Climatique - Plomberie - REVIT,https://www.emploi.ma/offre-emploi-maroc/charge-etudes-fluides-cvc-plomberie-mohammedia-9324841,2026-04-19,2026-04-19T22:47:45.303961
emploi_ma,Peintre Polyvalent - Casablanca,TECTRA CASA TERTIAIRE – RECRUTEMENT,Casablanca-Mohammedia,Intérim,Secteur d´activité,Débutant < 2 ans et plus,"Bac, Bac+1, Bac+2, Bac+3, Bac+4 & Bac+5 et plus",N/A,"Pour l’un de ses clients, dans secteur de Restauration, TECTRA recherche un Peintre Polyvalent , à Casablanca. Missions Principales : Réaliser les travaux de peinture (préparation des surfaces, application, finitions) Effectuer des travaux d’électricité de base Réaliser des travaux de carrelage et petites réparations Assurer l’entretien et la rénovation des locaux",Maintenance - Production - Qualité,https://www.emploi.ma/offre-emploi-maroc/peintre-polyvalent-casablanca-9317695,2026-04-18,2026-04-19T22:47:54.711057
emploi_ma,Commercial(e) Senior - Casablanca,CALLIOPE,Casablanca-Mohammedia,CDI,Secteur d´activité,Expérience entre 2 ans et 5 ans et plus,Bac+5 et plus,N/A,"Dans le cadre de notre développement, nous recrutons un(e) Commercial(e) Senior dynamique et expérimenté(e). Rattaché(e) à la Direction commerciale, vous serez amené(e) à : Contribuer à la mise en œuvre d'une stratégie commerciale en cohérence avec les orientations de la Direction Générale. Développer l'activité commerciale et le portefeuille clients tout en atteignant les objectifs mensuels et annuels fixés. Analyser le marché publicitaire et les tendances du secteur pour anticiper les besoins des partenaires.",Négociation - Stratégie Commerciale - Vente,https://www.emploi.ma/offre-emploi-maroc/commerciale-senior-casablanca-9318799,2026-04-18,2026-04-19T22:48:03.509611
emploi_ma,Assistant(e) Ressources Humaines - Casablanca Sidi Maarouf,DEKRA SERVICES,Casablanca-Mohammedia,CDD,Secteur d´activité,Débutant < 2 ans & Expérience entre 2 ans et 5 ans,Bac+5 et plus,N/A,"Notre client, opérateur international dans le domaine des télécommunications et leader mondial de son secteur, recherche un(e) Assistant(e) Ressources Humaines dans le cadre d'un CDD. Missions : Soutien au département RH régional : suivi des tâches, collecte des avancements, analyse de données et support opérationnel. Assistance au responsable de département : gestion de l'agenda, organisation des déplacements et autres besoins. Prise en charge des tâches RH courantes et proposition d'améliorations sur les missions assignées. Gestion et suivi de toute autre mission ad hoc confiée par la hiérarchie.",Formation - Gestion Administrative,https://www.emploi.ma/offre-emploi-maroc/assistante-ressources-humaines-casablanca-sidi-maarouf-9318869,2026-04-18,2026-04-19T22:48:11.878070
emploi_ma,Stagiaire Développeur IA - Casablanca,IZIRY,Agadir - Béni Mellal-Khénifra - Casablanca-Mohammedia - Dakhla -...,Stage,Secteur d´activité,"Etudiant, jeune diplômé et plus","Bac+3, Bac+4 - Bac+5 et plus",N/A,"Société dynamique basée à Casablanca, nous digitalisons nos processus métier pour soutenir notre croissance. Nous recherchons un(e) Stagiaire Développeur(se) motivé(e) par l'intégration de technologies d'intelligence artificielle dans des applications concrètes. Missions Développement applicatif : Concevoir et développer des fonctionnalités basées sur l'intelligence artificielle. Intégration d'APIs : Implémenter des services d'IA (LLMs, Vision par ordinateur, Speech-to-text) au sein de nos systèmes existants. Optimisation : Améliorer les scripts et les algorithmes pour garantir la fluidité des outils déployés. Prototypage : Créer des Proof of Concept (PoC) pour répondre à des besoins d'automatisation technique.",Communication - Marketing - Vente,https://www.emploi.ma/offre-emploi-maroc/stagiaire-developpeur-ia-casablanca-9318976,2026-04-18,2026-04-19T22:48:31.130088
emploi_ma,Ingénieur Senior Fluides (H/F) Chef de Projets - Rabat,INNOV ENGINEERING CONSULTING,Rabat-Salé-Kénitra,CDI,Secteur d´activité,Expérience entre 5 ans et 10 ans & Expérience > 10 ans,Bac+5 et plus,N/A,"Nous sommes à la recherche d'un Ingénieur Senior Fluides (H/F) Chef de Projets. Missions principales : Concevoir et dimensionner les installations techniques (CVC, plomberie, désenfumage, fluides spéciaux). Réaliser les études techniques (APS, APD, EXE) et les notes de calcul. Assurer le suivi des travaux et la conformité des installations sur chantier. Coordonner avec les équipes internes (structure, électricité, architecture) et les intervenants externes. Participer aux réunions de chantier et assurer le reporting d’avancement. Veiller au respect des normes et réglementations en vigueur.",Architecture - AUTOCAD - Désenfumage - Génie Climatique - Plomberie - REVIT,https://www.emploi.ma/offre-emploi-maroc/ingenieur-senior-fluides-hf-chef-projets-rabat-9318982,2026-04-18,2026-04-19T22:48:40.156476
emploi_ma,Technicien Électricité – Bâtiments Durables (H/F) - Rabat,INNOV ENGINEERING CONSULTING,Rabat-Salé-Kénitra,CDI,Secteur d´activité,Expérience entre 2 ans et 5 ans et plus,"Bac+2, Bac+3, Bac+4 & Bac+5 et plus",N/A,"Nous sommes à la recherche d'un Technicien Électricité – Bâtiments Durables (H/F). Missions principales : Réaliser les études techniques en électricité (courants forts et faibles) pour des projets de bâtiments durables Élaborer les plans, schémas électriques et notes de calcul Participer au dimensionnement des installations électriques (éclairage, distribution, sécurité…) Assurer la conformité aux normes en vigueur (NF, HQE, etc.) Collaborer avec les ingénieurs et les autres corps d’état (CVC, structure…) Suivre les projets en phase d’exécution et proposer des optimisations techniques",AUTOCAD - DIALUX - Dimensionnement - Éclairage,https://www.emploi.ma/offre-emploi-maroc/technicien-electricite-batiments-durables-hf-rabat-9318989,2026-04-18,2026-04-19T22:48:49.349677
emploi_ma,Ingénieur Biomédical  - Rabat,INNOV ENGINEERING CONSULTING,Rabat-Salé-Kénitra,CDI,Secteur d´activité,Expérience entre 5 ans et 10 ans & Expérience > 10 ans,Bac+5 et plus,N/A,"Nous sommes à la recherche d'un Ingénieur Biomédical . Missions principales : Assurer l’installation, la maintenance et le suivi des équipements biomédicaux Diagnostiquer les pannes et proposer des solutions techniques adaptées Veiller à la conformité et à la sécurité des dispositifs médicaux Participer à la gestion du parc d’équipements (inventaire, renouvellement, optimisation) Former le personnel médical à l’utilisation des équipements Collaborer avec les fournisseurs et prestataires techniques",Laboratoire - Santé,https://www.emploi.ma/offre-emploi-maroc/ingenieur-biomedical-rabat-9318992,2026-04-18,2026-04-19T22:48:58.748333
emploi_ma,Responsable Commercial et Relation Entreprises  - Casablanca,CALLIOPE,Casablanca-Mohammedia,CDI,Secteur d´activité,Expérience entre 2 ans et 5 ans et plus,Bac+5 et plus,N/A,"Nous recherchons un(e) Responsable Commercial et Relation Entreprises enthousiaste et engagé dans le secteur de la formation et de l'éducation. Votre mission consistera à développer notre clientèle et à mettre en avant nos solutions de formation sur mesure, répondant aux besoins spécifiques des entreprises et des institutions. Missions principales : Concevoir et mettre en œuvre une stratégie commerciale pour valoriser nos programmes de formation. Cultiver des relations durables avec les clients et veiller à leur satisfaction. Organiser des réunions de suivi pour recueillir des retours et adapter notre offre. Collaborer avec l’équipe marketing pour créer des campagnes percutantes. Suivre et analyser les performances commerciales à l’aide d’indicateurs clés. Préparer des rapports d’activité réguliers à destination de la direction.",Actions Commerciales - Développement Commercial - Gestion Commerciale - Négociation - Prospection - Stratégie Commerciale - Vente,https://www.emploi.ma/offre-emploi-maroc/responsable-commercial-relation-entreprises-casablanca-9319277,2026-04-18,2026-04-19T22:49:08.701247
emploi_ma,Comptable Fournisseur - Casablanca,AYA GOLD AND SILVER,Casablanca-Mohammedia,CDI,Secteur d´activité,Débutant < 2 ans & Expérience entre 2 ans et 5 ans,Bac+2 & Bac+3,N/A,"Nous sommes à la recherche d'un Comptable Fournisseur. Missions : 1. Traitement des factures fournisseurs Réception et vérification des factures (conformité, mentions légales) Rapprochement facture – bon de commande – bon de réception/attachement Saisie comptable des factures (achats, services, immobilisations) Gestion des écarts (quantité, prix, qualité) 2. Gestion des fournisseurs Création et mise à jour du référentiel fournisseurs Vérification des coordonnées bancaires Suivi des contrats fournisseurs Communication avec les fournisseurs 3. Gestion des paiements Préparation des paiements (virements, chèques …) Respect des échéances contractuelles Suivi des acomptes et avances fournisseurs 4. Clôture comptable Identification et comptabilisation des FNP (factures non parvenues) Justification des comptes fournisseurs et analyse des soldes Participation aux arrêtés mensuels et annuels 5. Contrôle interne et conformité Application des procédures internes (validation, workflow) Archivage des pièces justificatives Participation aux audits (internes / externes) Contrôle de la conformité fiscale (TVA, retenues à la source)",Comptabilité - Finance - Gestion - Gestion des Factures - Gestion des Fournisseurs,https://www.emploi.ma/offre-emploi-maroc/comptable-fournisseur-casablanca-9319346,2026-04-18,2026-04-19T22:49:17.810955
emploi_ma,Pharmacien(ne) Chargé(e) des Affaires Réglementaires  - Aïn El Aouda,AMANYS PHARMA,Rabat-Salé-Kénitra,CDI,Secteur d´activité,Expérience entre 2 ans et 5 ans et plus,Bac+5 et plus,N/A,"Poste : Nous sommes à la recherche d'un(e) Pharmacien(ne) Chargé(e) des Affaires Réglementaires. En tant que Pharmacien(ne) Chargé(e) des Affaires Réglementaires, vous rapporterez à la Directrice Affaires Réglementaires et Pharmacovigilance, et vos principales missions seront de : Gérer votre portefeuille de produits afin de réaliser vos objectifs, Constituer les dossiers d’AMM, Assurer le suivi des dossiers d’AMM, Constituer les dossiers de maintenance post AMM, Assurer le suivi des dossiers de maintenance post AMM, Contrôler la conformité réglementaire de la publicité, Réaliser une veille réglementaire, Élaborer, valider et diffuser les textes réglementaires relatifs aux articles de conditionnement, Élaborer, valider et diffuser les textes réglementaires relatifs aux mentions légales, Assurer la mise à jour des bases de données, Assurer l’archivage des dossiers d’AMM, Participer à la préparation des dossiers de fixation et d’homologation des prix, Participer à la préparation des dossiers de demande d’inscription des médicaments sur la liste des médicaments remboursables, Préparer et déposer les PSURs.",Assurance Qualité - Homologation - Maintenance - Pharmacovigilance - Production - Qualité - Santé,https://www.emploi.ma/offre-emploi-maroc/pharmacienne-chargee-affaires-reglementaires-ain-el-aouda-9331590,2026-04-17,2026-04-19T22:49:26.271358
emploi_ma,Ingénieur Système D’Information - Aïn El Aouda,AMANYS PHARMA,Rabat-Salé-Kénitra,CDI,Secteur d´activité,Expérience entre 2 ans et 5 ans et plus,Bac+5 et plus,N/A,"Poste Nous sommes à la recherche d'un Ingénieur Système d’Information. Basé(e) à Ain El Aouda dans la région de Rabat et rattaché(e) au Responsable Système d’Information, vous aurez la responsabilité : Volet systèmes et Applications Administration des ERP (SAP) Administration des bases de données Développement des besoins des utilisateurs(BI,requêtes SQL, états Crystal report …) Administration des différents éléments de sécurité du SI (firewall, mécanismes d’authentification et de sécurisation, VPN, …) ; Administration réseau LAN et WAN (Protocoles de communication, Câblage, Routage, VLAN, VOIP…) Élaboration des architectures réseaux pour le SI Gestion de la sauvegarde, l’archivage et la restauration des données Gestion du parc informatique Résolution des problèmes et des pannes techniques Gestion des comptes et supervision des droits d'accès en fonction des habilitations des utilisateurs Volet projets Gestion des projets de déploiement du SI métier (ERP, GMAO, Workflow…) Recueil des besoins et écriture de cahier des charges Gestion de la réalisation avec les prestataires Volet général Mise à jour et alimentation des données des tableaux de bord (KPI) pour suivre la performance de l’activité IT Rédaction de la documentation, procédures et organisation des formations Veille technologique",BI - CISCO - CRYSTAL REPORT - DHCP - DNS - GLPI - GPO - HYPER V - LDAP - MDT - MICROSOFT - NAS - RDS - SAP - SQL - VLAN - VMWARE - VOIP - VPN - WAN,https://www.emploi.ma/offre-emploi-maroc/ingenieur-systeme-information-ain-el-aouda-9331580,2026-04-17,2026-04-19T22:49:36.135734
emploi_ma,Animateur Commercial Assurance - Casablanca,CRIT,Casablanca-Mohammedia,Intérim,Secteur d´activité,Débutant < 2 ans et plus,Bac+3,< 4 000 DH,"Nous sommes à la recherche d'un Animateur Commercial Assurance. Missions : Animer et développer un réseau d’intermédiaires (agents, courtiers, partenaires) Promouvoir les produits d’assurance Former et accompagner les partenaires sur les offres et techniques de vente Suivre les performances commerciales et les objectifs Mettre en place des actions pour développer le portefeuille Assurer le reporting et remonter les informations terrain",Animation Commerciale - Négociation - Techniques de Vente - Vente,https://www.emploi.ma/offre-emploi-maroc/animateur-commercial-assurance-casablanca-9331573,2026-04-17,2026-04-19T22:49:45.123603
emploi_ma,Magasinier - Nouaceur,TECTRA CASA BOURGOGNE – RECRUTEMENT,Casablanca-Mohammedia,Intérim,Secteur d´activité,Débutant < 2 ans et plus,"Qualification avant bac, Bac, Bac+1, Bac+2, Bac+3, Bac+4 & Bac+5 et plus",N/A,"Nous recherchons un Magasinier sur Nouaceur pour intégrer notre équipe. Ce poste consiste à gérer les stocks, assurer la réception et l'expédition des pièces, et maintenir l'organisation du magasin dans le secteur aéronautique. Il nécessite une attention particulière à la précision et à la conformité aux normes de sécurité. Missions : Réceptionner et vérifier les pièces et fournitures aéronautiques entrantes. Organiser et maintenir l'inventaire du magasin conformément aux procédures en vigueur. Préparer les commandes pour expédition en respectant les délais impartis. Assurer la conformité des pièces avec les normes de sécurité et de qualité. Gérer l'archivage et la documentation liée à la gestion des stocks.",Aéronautique - Maintenance - Production - Qualité,https://www.emploi.ma/offre-emploi-maroc/magasinier-nouaceur-9331537,2026-04-17,2026-04-19T22:49:53.810096
emploi_ma,Poseur  - Casablanca et Région,TECTRA CASA BOURGOGNE – RECRUTEMENT,Casablanca-Mohammedia,Intérim,Secteur d´activité,Expérience entre 2 ans et 5 ans et plus,"Qualification avant bac, Bac, Bac+1, Bac+2, Bac+3, Bac+4 & Bac+5 et plus",4 000 - 5 000 DH,"Nous recherchons un Poseur pour rejoindre notre équipe. Ce poste implique l'installation et la mise en place de cuisines encastrables, en assurant la qualité et la conformité des travaux réalisés, dans un environnement professionnel dynamique. Missions : Installer et ajuster les cuisines encastrables selon les plans et spécifications techniques. Vérifier la conformité des installations avec les normes de qualité et de sécurité. Assurer la finition et le réglage précis des éléments installés. Interagir avec les clients pour garantir leur satisfaction et répondre à leurs questions. Respecter les délais et les consignes de sécurité sur le chantier.",BTP,https://www.emploi.ma/offre-emploi-maroc/poseur-casablanca-region-9331524,2026-04-17,2026-04-19T22:50:02.838589
emploi_ma,Acheteur Transactionnel Hub - Casablanca,CRIT,Casablanca-Mohammedia,Intérim,Secteur d´activité,Débutant < 2 ans,Bac+3,8 000 - 10 000 DH,Nous sommes à la recherche d'un Acheteur Transactionnel Hub. Missions : Traitement des demandes d’achat (DA) Passation et suivi des commandes fournisseurs Vérification des dossiers achats Gestion des priorités et urgences Suivi des relations fournisseurs Utilisation de l’ERP Traitement des litiges,Achats - Gestion des Achats,https://www.emploi.ma/offre-emploi-maroc/acheteur-transactionnel-hub-casablanca-9331513,2026-04-17,2026-04-19T22:50:11.869920
emploi_ma,Responsable Commercial (e) - Casablanca,BUDGET LOCASOM,Casablanca-Mohammedia,CDI,Secteur d´activité,Expérience entre 2 ans et 5 ans & Expérience entre 5 ans et 10 ans,Bac+4 & Bac+5 et plus,N/A,"Dans le cadre du renforcement de l’équipe commerciale, nous recrutons un(e) Responsable Commercial(e) chargé(e) de développer le chiffre d’affaires de l’entreprise en appliquant la politique commerciale définie. Missions Principales : Développement du Chiffre d'Affaires : Assurer la croissance du chiffre d'affaires en appliquant la stratégie commerciale de l'entreprise. Mettre en place des actions commerciales efficaces pour atteindre les objectifs de vente. Gestion du Portefeuille Client : Gérer, développer, et consolider le portefeuille client existant. Identifier de nouvelles opportunités et prospecter activement de nouveaux clients. Gestion des Appels d'Offres : Préparer et soumettre des offres compétitives en réponse aux appels d'offres. Coordonner avec les différents départements pour assurer des propositions alignées sur les besoins des clients et les capacités de l'entreprise. Communication & Reporting : Assurer une communication régulière et efficace avec la direction sur l'évolution des activités commerciales. Produire des rapports détaillés sur la performance commerciale, les tendances du marché, et les prévisions de ventes.",Actions Commerciales - Négociation - Stratégie Commerciale - Vente,https://www.emploi.ma/offre-emploi-maroc/responsable-commercial-e-casablanca-9331361,2026-04-17,2026-04-19T22:50:21.435414
emploi_ma,Assistante de Direction - Casablanca,PROFILS RECRUTEMENT,Casablanca-Mohammedia,CDI,Secteur d´activité,Expérience entre 2 ans et 5 ans et plus,"Bac+3, Bac+4 & Bac+5 et plus",N/A,"Nous recrutons pour notre client, Société opérant dans la vente, l'installation et le service après-vente de matériels et dispositifs médicaux hospitaliers, dans le cadre de son développement une Assistante de Direction expérimentée.",Assistanat - Secrétariat,https://www.emploi.ma/offre-emploi-maroc/assistante-direction-casablanca-9331017,2026-04-17,2026-04-19T22:50:31.721208
emploi_ma,Coursier - Casablanca,PROFILS RECRUTEMENT,Casablanca-Mohammedia,CDI,Secteur d´activité,Expérience entre 2 ans et 5 ans et plus,"Bac, Bac+1, Bac+2, Bac+3, Bac+4 & Bac+5 et plus",N/A,"Nous recrutons pour notre client, Société opérant dans la vente, l'installation et le service après-vente de matériels et dispositifs médicaux hospitaliers, dans le cadre de son développement, un Coursier , poste basé à Casablanca - vous auriez comme mission: collecter les commandes emballés et pointage des produits avec le magasinier; veiller sur les marchandises au moment du chargement et au cours de la livraison; assurer tous les déplacements ponctuels: Achat divers, dépôt de courriers, distribution de factures auprès des clients... assurer toute mission d'aide à l'équipe commerciale, technique et administrative; veiller à l'entretien du moyen de transport à disposition.",Assistanat - Secrétariat,https://www.emploi.ma/offre-emploi-maroc/coursier-casablanca-9331002,2026-04-17,2026-04-19T22:50:40.372621
emploi_ma,Product Manager (H/F) - Casablanca Sidi Maarouf,DEKRA SERVICES,Casablanca-Mohammedia,CDD,Secteur d´activité,Expérience entre 2 ans et 5 ans et plus,"Bac+3, Bac+4 & Bac+5 et plus",N/A,"Notre client, opérateur international dans le domaine des télécommunications et leader mondial de son secteur, cherche dans le cadre du développement de ses activités, un(e) Product Manager expérimenté(e) en CDD pour rejoindre l’équipe commerciale Network Solution à Casablanca. Vous jouerez un rôle clé en tant que consultant(e) technique auprès de nos clients sur les domaines Accès & IP, en accompagnant les projets de la conception jusqu'à la livraison. Vos missions principales : Assurer un rôle de consultant(e) technique auprès des clients dans les domaines Accès & Réseau IP (FTTx, xDSL, Cuivre, ODN, Routage, Switching). Préparer les dossiers d'appel d'offres et les propositions techniques pour les projets de déploiement réseau. Participer à la conception réseau, au dimensionnement des équipements, à l'établissement de devis et à la rédaction de propositions commerciales. Présenter les solutions techniques aux clients et accompagner les négociations contractuelles. Développer et entretenir les relations clients pour soutenir les objectifs commerciaux. Garantir un haut niveau de satisfaction client et la qualité de livraison des projets.",Appel d'Offres - Devis - Vente,https://www.emploi.ma/offre-emploi-maroc/product-manager-hf-casablanca-sidi-maarouf-9330965,2026-04-17,2026-04-19T22:50:48.358655
emploi_ma,Spécialiste Assurance Qualité - Docteur en Pharmacie  - Berrechid,ATLAS PHARM,Casablanca-Mohammedia & Settat,CDI,Secteur d´activité,Expérience entre 2 ans et 5 ans et plus,Bac+5 et plus,N/A,"Nous sommes à la recherche d'un Spécialiste Assurance Qualité - Docteur en Pharmacie. Missions : Mise en couvre et maintien de la politique qualité du site selon les standards du groupe. Assurer la compliance des précédés en conformité avec les BPF. Assurer la qualification des fournisseurs des composants pharmaceutiques. Gérer les déviations qualité, investigation, Change contrôle et plan d'action. Assurer un suivi des plans CAPA issues des audits internes, inspections et audits clients. Mettre en place une politique de formation selon les exigences BPF. Mise en couvre et maintien de la politique qualité du site selon les standards du groupe. Assurer la compliance des précédés en conformité avec les BPF. Assurer la qualification des fournisseurs des composants pharmaceutiques. Gérer les déviations qualité, investigation, Change contrôle et plan d'action. Assurer un suivi des plans CAPA issues des audits internes, inspections et audits clients. Mettre en place une politique de formation selon les exigences BPF.",BPF - Maintenance - Production - Qualité,https://www.emploi.ma/offre-emploi-maroc/specialiste-assurance-qualite-docteur-pharmacie-berrechid-8749258,2026-04-17,2026-04-19T22:50:56.243866
emploi_ma,Analyste Production - Berrechid,ATLAS PHARM,Settat,CDI,Secteur d´activité,Expérience entre 2 ans et 5 ans et plus,Bac+5 et plus,N/A,Nous sommes à la recherche d'un Analyste Production. Missions : Évaluer les flux de production actuels et proposer les améliorations visant à optimiser l’utilisation des ressources Management basé sur les KPI et l'amélioration continue Expérience en production pharmaceutique Analyse leadership communication et Travail d'équipe,Leadership - Management - MICROSOFT - SAP,https://www.emploi.ma/offre-emploi-maroc/analyste-production-berrechid-9004810,2026-04-17,2026-04-19T22:51:05.611014
emploi_ma,Pharmacien Assistant Chargée Affaires Réglementaires  - Berrechid,ATLAS PHARM,Settat,CDI,Secteur d´activité,Expérience entre 2 ans et 5 ans et plus,Bac+5 et plus,N/A,Nous sommes à la recherche d'un Pharmacien Assistant Chargée Affaires Réglementaires.,Industrie Pharmaceutique,https://www.emploi.ma/offre-emploi-maroc/pharmacien-assistant-chargee-affaires-reglementaires-berrechid-9005951,2026-04-17,2026-04-19T22:51:15.910750
emploi_ma,Responsable Logistique - Casablanca,PROFILS RECRUTEMENT,Casablanca-Mohammedia,CDI,Secteur d´activité,Expérience entre 2 ans et 5 ans et plus,Bac+4 & Bac+5 et plus,N/A,"Nous recrutons pour notre client, Société basée à Casablanca, opérant dans la vente, l'installation et le service après-vente de matériels et dispositifs médicaux hospitaliers, dans le cadre de son développement u n Responsable Logistique. Ce poste implique la gestion efficace de la chaîne logistique, la coordination des opérations de transport et la supervision des processus logistiques pour assurer la satisfaction des exigences de notre secteur. Missions : Planifier et organiser les activités logistiques en conformité avec les normes du secteur médical. Coordonner la gestion des stocks et assurer la disponibilité des équipements médicaux dans les délais impartis. Superviser la gestion des transports et optimiser les itinéraires pour réduire les coûts et améliorer la rapidité de livraison. Assurer la conformité réglementaire et la qualité des opérations logistiques. Collaborer avec les équipes internes et les partenaires externes pour garantir une logistique fluide et efficace.",Activités Logistiques - Flux Logistiques - Gestion des Stocks - Opérations de Transport - Opérations Logistiques - Stocks - Transport,https://www.emploi.ma/offre-emploi-maroc/responsable-logistique-casablanca-9330890,2026-04-17,2026-04-19T22:51:25.197191
emploi_ma,Technicien Maintenance _ Traitement des Eaux - Ain Aouda,AMANYS PHARMA,Rabat-Salé-Kénitra,CDI,Secteur d´activité,Expérience entre 2 ans et 5 ans et plus,Bac+2 & Bac+3,N/A,Nous sommes à la recherche d'un Technicien Maintenance _ Traitement des Eaux. Missions : Garantir le bon fonctionnement des systèmes d’eau pharmaceutiques Réaliser les contrôles qualité et assurer la traçabilité des données Appliquer les normes cGMP et les procédures internes Participer aux interventions techniques et aux projets d’amélioration continue,Amélioration Continue - Maintenance - Maintenance Industrielle - Procédés - Production - Qualité,https://www.emploi.ma/offre-emploi-maroc/technicien-maintenance-traitement-eaux-ain-aouda-9226701,2026-04-17,2026-04-19T22:51:34.081322
emploi_ma,Pharmacien(ne) - Ain Aouda,AMANYS PHARMA,Rabat-Salé-Kénitra,CDI,Secteur d´activité,Expérience entre 2 ans et 5 ans,"Bac+3, Bac+4 & Bac+5 et plus",N/A,"Nous sommes à la recherche d'un(e) Pharmacien(ne). Missions : Soutenir et coordonner les activités de qualification et de validation (IQ/OQ/PQ) des équipements, utilités, installations et procédés. Participer à la préparation, la révision et la gestion du Plan Directeur de Validation (VMP) et du Site Master File (SMF) . Réaliser des tournées GMP (GMP walk-throughs) et contribuer à la revue documentaire (BMR, logbooks, déviations, CAPA, change controls). Participer aux audits internes et audits fournisseurs ; assurer le suivi des dossiers d’audit et des CAPA associées. Rédiger, maintenir et mettre à jour les documents AQ : SOP, protocoles et rapports de validation, tableaux de suivi de conformité. Soutenir la coordination des formations GMP, la gestion des enregistrements de formation et l’intégration des nouveaux employés.",Microbiologie - Santé,https://www.emploi.ma/offre-emploi-maroc/pharmacienne-ain-aouda-9224923,2026-04-17,2026-04-19T22:51:42.400688
emploi_ma,Conseillère Showroom - Marrakech,COLORADO,Marrakech-Safi,CDI,Secteur d´activité,"Etudiant, jeune diplômé et plus","Bac+2, Bac+3, Bac+4 & Bac+5 et plus",N/A,"Nous recrutons en urgence pour le compte de notre société une Conseillère Showroom à Marrakech. Missions : Accueillir et informer les clients sur nos produits, Analyser les besoins clients, Conseiller efficacement sur les produits,",Communication - Marketing - Vente,https://www.emploi.ma/offre-emploi-maroc/conseillere-showroom-marrakech-9330548,2026-04-17,2026-04-19T22:51:51.494362
emploi_ma,Acheteur Industriel - Casablanca,SDK WOOD,Casablanca-Mohammedia,CDI,Secteur d´activité,Expérience entre 2 ans et 5 ans,Bac+2 & Bac+3,N/A,"Dans le cadre du renforcement de nos équipes, nous recrutons un Acheteur Industriel chargé de piloter les achats techniques et d’assurer la continuité des opérations. Vos missions principales : Gérer les achats liés à l’exploitation : pièces de rechange (PDR), consommables, équipements et fournitures techniques Assurer les achats liés à la maintenance : pneus, réparations des camions, prestations techniques… Identifier, sélectionner et négocier avec les fournisseurs Suivre les commandes et garantir le respect des délais et des coûts Optimiser les dépenses et proposer des axes d’amélioration Assurer une bonne coordination avec les équipes logistiques et techniques Mettre en place un suivi des fournisseurs (qualité, délai, coût)",Achats - Négociation - Suivi des Fournisseurs,https://www.emploi.ma/offre-emploi-maroc/acheteur-industriel-casablanca-9329781,2026-04-17,2026-04-19T22:52:00.556467
emploi_ma,Responsable Ressources Humaines H/F - Mohammedia,TECTRA,Casablanca-Mohammedia,CDI,Secteur d´activité,Expérience entre 5 ans et 10 ans,Bac+5 et plus,10 000 - 12 000 DH,"Tectra recrute un(e) Responsable Ressources Humaines H/F pour un laboratoire de renommé sur Mohammedia. Vous aurez pour missions : Piloter et structurer le département RH sur les volets stratégique et opérationnel Gérer le processus de recrutement de A à Z (définition des besoins, sourcing, entretiens, sélection) Mettre en place et suivre le système d’évaluation de la performance Développer les parcours professionnels (plans de carrière, formation) Assurer l’administration du personnel (contrats, paie, congés, dossiers RH, mise à jour des données) Veiller au respect de la législation sociale et gérer les relations sociales (conflits, négociations, représentants du personnel) Produire des reportings RH réguliers et analyser les indicateurs de performance Assurer le rôle de référent RH auprès des équipes et de la direction - Contrat : CDI+avantages sociaux - Rémunération : attractive selon le profil",Administration du Personnel - Fonction RH - Formation - Processus de Recrutement - Recrutement,https://www.emploi.ma/offre-emploi-maroc/responsable-ressources-humaines-hf-mohammedia-9329752,2026-04-17,2026-04-19T22:52:08.915724
emploi_ma,Technicien de Maintenance - Tout le Maroc,SALAM GAZ,Agadir - Béni Mellal-Khénifra - Casablanca-Mohammedia - Dakhla -...,CDI,Secteur d´activité,Expérience entre 2 ans et 5 ans,"Bac+2, Bac+3, Bac+4 - Bac+5 et plus",N/A,"Notre entreprise, leader dans l'industrie de l'emplissage et du conditionnement en bouteille, recherche activement un Technicien en Maintenance Polyvalent pour renforcer notre équipe dédiée à maintenir nos équipements de production performants.",Hydraulique - Hydraulique Pneumatique - Industrie - Maintenance - Mécanique Hydraulique - Pneumatique - Production - Qualité,https://www.emploi.ma/offre-emploi-maroc/technicien-maintenance-larache-8724987,2026-04-17,2026-04-19T22:52:27.849215
emploi_ma,Gestionnaire Sinistres – Assurance Automobile - Rabat,YEET ASSURANCES,Rabat-Salé-Kénitra,CDI,Secteur d´activité,Expérience entre 2 ans et 5 ans et plus,"Bac+1, Bac+2, Bac+3, Bac+4 & Bac+5 et plus",Salaire net à partir de 6.000 dhs selon profil + primes de performance .,"YEET Assurances, spécialiste français de l’assurance pour chauffeurs VTC et flottes professionnelles, recherche, dans le cadre de son fort développement, des Gestionnaires Francophones pour son service de gestion des sinistres automobiles, basé à Rabat. Vos missions : Ouvrir, suivre et mettre à jour les dossiers clients et sinistres via nos outils Vérifier la validité des garanties , la conformité des pièces et la complétude des dossiers. Échanger avec les assurés, experts, garages et compagnies partenaires, notamment par téléphone, Suivre les étapes clés : déclaration, expertise, règlement, recours et clôture . Assurer la traçabilité de chaque action dans notre outil de gestion. Contribuer à la qualité de service et à la satisfaction client.",Assurance - Comptabilité - CRM - Gestion - Règlement - Vente,https://www.emploi.ma/offre-emploi-maroc/gestionnaire-sinistres-assurance-automobile-rabat-9226030,2026-04-17,2026-04-19T22:52:35.943192
emploi_ma,Responsable Études et Offres - Rabat,N/A,Rabat-Salé-Kénitra,CDI,"Expérience minimum de 5 ans en bureau d’études, département achats ou études de prix dans le secteur du bâtiment",Expérience entre 5 ans et 10 ans & Expérience > 10 ans,Bac+5 et plus,N/A,"Dans le cadre du développement de notre division bâtiment, nous recrutons un(e) Responsable Études et Offres chargé(e) de la préparation des offres et du suivi des contrats après leur attribution. Missions principales : Préparer et élaborer les offres techniques et financières pour les projets de bâtiment Analyser les dossiers d’appels d’offres et définir les meilleures stratégies de réponse Consulter, négocier et sélectionner les fournisseurs et sous-traitants Établir les estimations budgétaires et optimiser les coûts Assurer le suivi des marchés une fois attribués, en coordination avec les équipes travaux Participer à la mise en place et au suivi des contrats fournisseurs et sous-traitants Veiller à la conformité technique, financière et contractuelle des projets",N/A,https://www.emploi.ma/offre-emploi-maroc/responsable-etudes-offres-rabat-9253079,2026-04-17,2026-04-19T22:52:45.756540
emploi_ma,Brand Manager - Chef de Produit - Casablanca,N/A,Casablanca-Mohammedia,CDI,Secteur d´activité,Expérience entre 2 ans et 5 ans et plus,Bac+5 et plus,N/A,"Dans le cadre du renforcement de notre équipe Marketing, nous cherchons un Brand Manager pour les responsabilités suivantes : Veille concurrentielle et analyse du marché Assurer une veille concurrentielle et analyser le comportement des consommateurs, afin de sentir les tendances du marché. Commanditer et suivre des études de marché qualitatives et quantitatives : tests consommateurs, analyse des panels consommateurs et distributeurs, études qualitatives sur les identifiants attachés à la marque, mesures de perception de la marque... Rassembler les informations liées aux produits (performances commerciales, attitudes consommateurs...) pour définir des améliorations possibles. Prévoir l’adaptation et le positionnement des produits de la marque en fonction des segments du marché et de l’analyse des résultats. Définition d’une stratégie de développement de la marque Identifier la stratégie de développement de la marque pour les années à venir en prenant en compte les différents cycles de vie des produits. Élaborer des stratégies mix par ligne de produits, des budgets et des prévisions de vente associés. Garantir la cohérence de la marque, gamme, segmentation, packaging, communication... Définir la stratégie digitale de la marque : site de marque, site de vente, site communautaire, pages ou comptes sur les réseaux sociaux, applications mobiles, ... Assurer le bon positionnement et la cohérence des marques de l’entreprise. Élaborer des stratégies d’e-influence et de e-réputation avec le social media manager. Gérer l’architecture de la marque et ses déclinaisons. Mise en œuvre d’actions de marketing Communiquer sur la marque via des campagnes de communication multi canaux (digitaux dont Facebook, twitter et Instagram, radio, télévision, affichage...) en veillant à rester en cohérence avec la stratégie média globale du groupe. Coordonner l’implantation de la stratégie de marque on et off-line dans les campagnes publicitaires. Développer des partenariats (médias, annonceurs, distributeurs...) permettant d’accroître les ventes ou la notoriété de la marque. Travailler sur l’identité visuelle et graphique des marques et notamment les logos on et off-line et optimiser la communication sur la marque. Élaborer les plans de lancement et suivre le développement de nouveaux produits en étant l’interface et le coordinateur des services concernés. Soutenir et animer le réseau de vente et de distribution des produits. Négocier et coordonner les actions de marketing opérationnel auprès des partenaires et clients. Développer et piloter le storytelling de la marque. Assurer la conformité des communications de la marque aux réglementations en vigueur. Organisation d’évènements Assurer la planification et la coordination des événements de marque, y compris les conférences, les évènements promotionnels. Développer des concepts créatifs pour les événements afin de renforcer la notoriété de la marque et l’engagement des consommateurs. Collaborer avec des prestataires externes, tels que les agences événementielles, les traiteurs, les fournisseurs de matériel et les lieux de réception, pour garantir le bon déroulement des événements. Gestion du budget des événements y compris l’estimation des coûts, le suivi des dépenses et la négociation des contrats. Gestion du budget et suivi des indicateurs Suivre le chiffre d’affaires par segment. Gérer les budgets sur l’ensemble des éléments du mix marketing. Suivre et évaluer les résultats (KPI) Exploiter les données et insights consommateurs.",Communication - E-Réputation - Marketing - Marketing Opérationnel - Médias - Mix Marketing - Positionnement,https://www.emploi.ma/offre-emploi-maroc/brand-manager-chef-produit-casablanca-9262548,2026-04-17,2026-04-19T22:52:55.977906
emploi_ma,Juriste Confirmé(e) / Responsable Juridique - Casablanca,CABINET AVOCATS,Casablanca-Mohammedia,Contentieux - Droit - Droit des Contrats - Droit des Sociétés - Droit Social - Recouvrement de Créances,Secteur d´activité,Expérience entre 2 ans et 5 ans et plus,Bac+5 et plus,Salaire à discuter en fonction du profil.,"Cabinet d'avocats d'affaires français recherche pour son bureau à Casablanca un(e) Juriste Confirmé(e) / Responsable Juridique. Missions : Vous interviendrez, sur des dossiers variés en conseil et en contentieux, selon votre profil, en droit des sociétés, droit des contrats, droit social ou en contentieux commercial, en lien direct avec les avocats du cabinet : 1. Conseil en droit des affaires (activité principale) Droit des sociétés Conseil juridique courant auprès des clients en matière de droit des sociétés. Rédaction et revue de documents sociaux : statuts, procès-verbaux d’assemblées générales et de conseils, pactes d’associés, conventions intra-groupe. Accompagnement des opérations juridiques courantes : constitution de sociétés, modifications statutaires, approbation des comptes, restructurations simples. Suivi des formalités juridiques et coordination avec les intervenants locaux. Droit des contrats Rédaction, analyse et négociation de contrats commerciaux. Revue et sécurisation juridique des engagements contractuels des clients. Conseil stratégique dans la structuration contractuelle des opérations. Identification et gestion des risques contractuels. Droit social Conseil aux clients en matière de droit du travail marocain. Assistance dans : la gestion des relations individuelles et collectives de travail, la rédaction de contrats de travail et d’avenants, les procédures disciplinaires ou de rupture du contrat de travail. Accompagnement des clients dans la prévention des risques sociaux. 2. Assistance précontentieuse (activité secondaire) Rédaction de mises en demeure. Assistance dans les démarches de recouvrement de créances. Participation aux démarches de résolution amiable des litiges. Analyse des situations conflictuelles et préparation de la stratégie juridique. 3. Assistance en matière contentieuse (activité secondaire) Collecte et analyse des informations auprès des clients et interlocuteurs concernés. Préparation de premiers projets d’actes de procédure, notamment : requêtes, assignations, projets de conclusions. Coordination avec les avocats et conseils externes en charge du contentieux. Suivi des procédures et reporting régulier aux clients sur l’avancement des dossiers. 4. Encadrement et coordination Dans le cadre de ses fonctions, le Juriste confirmé / Responsable juridique pourra être amené à encadrer et superviser un ou plusieurs juristes. À ce titre, elle aura notamment pour missions de : organiser et répartir le travail au sein de l’équipe juridique ; superviser la préparation et le traitement des dossiers par les juristes placés sous sa responsabilité ; assurer la qualité et la cohérence des analyses et des productions juridiques ; coordonner le suivi opérationnel des dossiers et veiller au respect des délais ; structurer et superviser le reporting régulier sur l’avancement des dossiers, tant auprès des supérieurs hiérarchiques que des clients ; et contribuer à la montée en compétence et à l’accompagnement des juristes de l’équipe.",N/A,https://www.emploi.ma/offre-emploi-maroc/juriste-confirmee-responsable-juridique-casablanca-9274133,2026-04-17,2026-04-19T22:53:04.759349
emploi_ma,Responsable Études Techniques Courants Forts - Casablanca,B2I,Casablanca-Mohammedia,CDI,Secteur d´activité,Expérience entre 5 ans et 10 ans & Expérience > 10 ans,Bac+5 et plus,15 000 - 20 000 DH,"Qui sommes-nous ? Acteur reconnu dans le domaine du génie électrique, nous intervenons sur des projets tertiaires d’envergure en France. Notre engagement : l’excellence technique au service de la qualité d’exécution. Nous intervenons principalement sur des projets sous processus BIM.Dans le cadre de notre développement, nous recherchons un Responsable Études Techniques en Études Exécution CFO/CFA/SSI pour renforcer notre pôle ingénierie. Votre mission Rattaché(e) au Responsable du Bureau d’Études, vous prenez en charge la gestion complète des études d’exécution sur des projets tertiaires complexes (bureaux, hôpitaux, équipements publics, etc.). À ce titre, vos principales responsabilités seront : Piloter et coordonner une équipe d’ingénieurs, projeteurs et dessinateurs, Être garant de la production et de la qualité technique des documents critiques : plans d’exécution, schémas, synoptiques, notes de calculs, DOE… Participer activement à la production, notamment sur les éléments stratégiques Assurer l’interface technique et l’organisation auprès du Chef de Projet de notre BET en France, Veiller au respect des délais, budgets et exigences contractuelles Participer à la montée en compétence de vos équipes, vous êtes un véritable « capitaine » pour les collaborateurs qui vous sont confiés.",AUTOCAD - BIM - CANECO BT - DIALUX - Électrotechnique - Génie Électrique - REVIT,https://www.emploi.ma/offre-emploi-maroc/responsable-etudes-techniques-courants-forts-casablanca-9279787,2026-04-17,2026-04-19T22:53:14.646969
emploi_ma,Chargé(e) Export - Casablanca,INGELEC,Casablanca-Mohammedia,CDI,Secteur d´activité,Débutant < 2 ans,Bac+3,N/A,"Rejoignez une entreprise dynamique dans le secteur de l' électricité en tant que Chargée Export , basé(e) à Casablanca . C'est une opportunité unique de contribuer activement au développement international de nos activités. Votre mission principale sera de développer et gérer notre portefeuille clients à l'international . Vous serez le pilier de notre stratégie d'exportation , en assurant la croissance de nos ventes sur les marchés étrangers et en renforçant notre présence globale. Au quotidien, vos responsabilités incluront : Gérer et suivre les dossiers export de A à Z Préparer les documents d’expédition : Factures commerciales Listes de colisage (packing list) Certificats d’origine Documents douaniers Assurer la coordination avec les transitaires, transporteurs et douanes Organiser les expéditions internationales (maritime, aérien ou routier) Suivre les délais de livraison et gérer les éventuels litiges logistiques Vérifier la conformité des documents avec les exigences des pays importateurs Gérer les crédits documentaires (lettres de crédit) et autres moyens de paiement internationaux Assurer le suivi des paiements clients en lien avec le service financier Mettre à jour les bases de données et les tableaux de suivi export Être l’interface entre les différents services internes (production, logistique, finance) Assurer une veille réglementaire sur les procédures douanières et les règles d’exportation",CRM - Négociation - Techniques de Vente - Vente,https://www.emploi.ma/offre-emploi-maroc/chargee-export-casablanca-9291302,2026-04-17,2026-04-19T22:53:25.155571
emploi_ma,Superviseur Projets Stations - Mohammedia avec Déplacements Fréquents,N/A,Casablanca-Mohammedia,CDI,Très bonnes connaissance technique du secteur génie civil.,Expérience entre 2 ans et 5 ans,Bac+2 & Bac+3,N/A,"Entreprise spécialisée dans la distribution des produits pétroliers, en plein développement de ses activités, recherche un Superviseur Projets Stations. Vous avez en charge les projets de construction et de rénovation du réseau des stations services, points de ventes et centres d’intérêt de l'entreprise depuis les phases de conception, de budgétisation, d’autorisation, de planification et de construction jusqu’à la mise en service. Vous aurez également pour missions : la Réalisation des projets conformément aux besoins spécifiés par le client interne tout en respectant les procédures et standards «  normes, réglementations en vigueur, respect des aspects et contraintes liées à la sécurité, qualité, coût et délai ». les contrats et commandes avec les prestataires, fournisseurs et entreprises de travaux. l’optimisation des coûts liés à la réalisation des projets. la conformité des prestations, fournitures et travaux par rapport aux contrats et commandes. la réalisation et l’exécution de toutes les démarches en vue de l’obtention des diverses autorisations administratives. la supervision, l’organisation et le suivi des travaux de construction, de rénovation et d’installation des équipements en respect total des cahiers de charges approuvés. la Coordination avec les divers intervenants dans les dites constructions en vue d’optimiser les délais de réalisations ; le contrôle des diverses situations d’avancement des travaux et l’approbation des décomptes des travaux.",Construction - Rénovation,https://www.emploi.ma/offre-emploi-maroc/superviseur-projets-stations-mohammedia-avec-deplacements-frequents-9301519,2026-04-17,2026-04-19T22:53:33.449144
emploi_ma,"Directeur Projet (Construction des Hôpitaux) - Expatriation Algérie - Zeralda, Sadi Abdellah",AFRICAWORK,International,CDI,Secteur d´activité,Expérience > 10 ans,"Bac+3, Bac+4 & Bac+5 et plus",N/A,"Nous recrutons pour l'un de nos clients, une entreprise de consulting en construction et développement, Un Directeur Projet ( Construction des Hôpitaux) . Responsabilités : Animer les réunions de suivi d'avancement sur site et rendre compte à la direction à Doha (Qatar). Garantir le respect du calendrier du projet par une analyse régulière de l'avancement des travaux des entreprises par rapport au planning, incluant des rapports hebdomadaires et mensuels. En étroite collaboration avec le consultant en supervision, vous serez en charge de : Gestion de l'intégration du projet Gestion du périmètre du projet Gestion des délais Gestion des coûts Gestion des ressources humaines Gestion de la qualité Gestion de la communication Gestion des risques",Gestion - Management,https://www.emploi.ma/offre-emploi-maroc/directeur-projet-construction-hopitaux-expatriation-algerie-zeralda-sadi-abdellah,2026-04-17,2026-04-19T22:53:42.487247
emploi_ma,Gestionnaire Assurance Automobile (H/F) - Casablanca,TECTRA CASA TERTIAIRE – RECRUTEMENT,Casablanca-Mohammedia,CDI,Secteur d´activité,Débutant < 2 ans et plus,"Bac+2, Bac+3, Bac+4 & Bac+5 et plus",Entre 4 000 et 6 000 MAD,TECTRA recrute un(e) Gestionnaire Assurance Automobile pour le compte de son client basé à Casablanca. Missions principales : Gestion d’un portefeuille clients existant Suivi des dossiers sinistres (maladie et accidents de travail) Gestion des contrats flotte automobile Traitement et suivi des demandes clients Mise à jour des dossiers et suivi administratif Conditions : Contrat : CDI Salaire : Entre 4 000 et 6 000 MAD Horaires : Continu (fin de journée à 17h) Avantages : Mutuelle Formation continue assurée,Assistanat - Dossiers - Secrétariat - Suivi Administratif - Suivi des Dossiers,https://www.emploi.ma/offre-emploi-maroc/gestionnaire-assurance-automobile-hf-casablanca-9316589,2026-04-17,2026-04-19T22:53:51.499609
emploi_ma,Magasiner Dépôt H/F - Casablanca,TECTRA CASA BOURGOGNE – RECRUTEMENT,Casablanca-Mohammedia,Intérim,Secteur d´activité,Expérience entre 2 ans et 5 ans et plus,"Bac+2, Bac+3, Bac+4 & Bac+5 et plus",N/A,"Pour l'un de ces clients opérant dans la grande distribution , TECTRA recrute des Magasiniers Dépôt H/F. Missions principales Réception des marchandises Réceptionner les livraisons Vérifier la conformité des produits (quantité, qualité, état) Signaler toute anomalie (produits manquants ou endommagés) Gestion des stocks Assurer le rangement des produits selon les procédures Effectuer les inventaires périodiques Suivre les entrées et sorties de stock Maintenir un stock organisé et à jour Préparation des commandes Préparer les commandes internes ou clients Emballer et étiqueter les produits Assurer la disponibilité des articles en magasin Organisation du magasin Maintenir la propreté et l’ordre du dépôt Respecter les règles de sécurité et de stockage Optimiser l’espace de stockage",Comptabilité - Finance - Gestion,https://www.emploi.ma/offre-emploi-maroc/magasiner-depot-hf-casablanca-9316603,2026-04-17,2026-04-19T22:54:00.478666
emploi_ma,Chauffeur Permis C - Nouaceur,TECTRA CASA BOURGOGNE – RECRUTEMENT,Casablanca-Mohammedia,Intérim,Secteur d´activité,Expérience entre 2 ans et 5 ans et plus,"Qualification avant bac, Bac, Bac+1, Bac+2, Bac+3, Bac+4 & Bac+5 et plus",N/A,"Pour l'un de ces clients opérant dans la grande distribution,TECTRA recrute des Chauffeurs Permis C . Missions principales Conduite et Livraison : Transporter des marchandises (courte ou longue distance) en respectant les délais et les consignes de sécurité. Gestion du chargement : Superviser ou effectuer le chargement/déchargement, ainsi que l'arrimage des marchandises. Entretien du véhicule : Veiller au bon état du camion (niveaux, pneus, nettoyage) et signaler les pannes. Documents de bord : Assurer la mise à jour du carnet de bord et des documents de transport.",Chargement - Déchargement - Transport,https://www.emploi.ma/offre-emploi-maroc/chauffeur-permis-c-nouaceur-9316621,2026-04-17,2026-04-19T22:54:08.985435
emploi_ma,Commercial Senior – Logistique - Casablanca,ELITE INTERIM MAROC,Casablanca-Mohammedia,"CDI, CDD, Intérim & Freelance",Secteur d´activité,Expérience entre 2 ans et 5 ans et plus,"Bac+3, Bac+4 & Bac+5 et plus",N/A,"Nous sommes à la recherche d'un Commercial Senior – Logistique. Missions : Développer et structurer le département commercial de notre entreprise logistique au Maroc, en assurant la croissance du portefeuille clients et en renforçant notre présence sur le marché, notamment dans le domaine des ISO TANKS.",Négociation - Transport - Transport International - Vente,https://www.emploi.ma/offre-emploi-maroc/commercial-senior-logistique-casablanca-9316622,2026-04-17,2026-04-19T22:54:18.205699
emploi_ma,Peintre Automobile (Carrossier Peintre) - Kénitra,TECTRA,Rabat-Salé-Kénitra,Intérim,Secteur d´activité,Débutant < 2 ans,Qualification avant bac,N/A,"TECTRA recrute, pour le compte de l’un de ses clients opérant dans le secteur automobile, des Peintres Automobiles . Missions Principales : Préparer les surfaces (ponçage, masticage, nettoyage) Appliquer la peinture au pistolet en respectant les procédures Réaliser les finitions et retouches Contrôler la qualité des travaux effectués Respecter les consignes de sécurité",Maintenance - Production - Qualité,https://www.emploi.ma/offre-emploi-maroc/peintre-automobile-carrossier-peintre-kenitra-9316626,2026-04-17,2026-04-19T22:54:26.308850
emploi_ma,Assistante Achat Anglophone - Mohammedia,TECTRA,Casablanca-Mohammedia,CDI,Secteur d´activité,Expérience entre 2 ans et 5 ans,Bac+3,5 000 - 6 000 DH,Tectra recrute une Assistante Achats Anglophone pour son client en maritime sur Mohammedia . Vous aurez pour missions : Réception et traitement de factures Traitement de devis et bons de commande Saisie des écritures comptables Rapprochement bancaire Service achats - Contrat : CDI + AVANTAGES SOCIAUX - Rémunération : selon le profil,N/A,https://www.emploi.ma/offre-emploi-maroc/assistante-achat-anglophone-mohammedia-9316711,2026-04-17,2026-04-19T22:54:33.803205
emploi_ma,Chargé Ressource Humaines Junior en Intérim (H/F) - Casablanca Sidi Maarouf,DEKRA SERVICES,Casablanca-Mohammedia,Intérim,Secteur d´activité,Débutant < 2 ans,Bac+4 & Bac+5 et plus,5 000 - 6 000 DH,"Nous cherchons dans le cadre de l’intérim, Un(e) Chargé Ressource Humaines Junior en Intérim (H/F) pour le compte d’une multinationale, un opérateur industriel de renom et leader dans son domaine d’activité. Vous êtes en charge de : Gestion des demandes de recrutements des différents services Gérer les congés payés, absences, maladie etc., Assurer le suivi du tableau de bord des présences, Remplir les bordereaux de charges sociales, Procéder aux déclarations auprès des organismes sociaux, CNSS, CIMR…Etc. Suivre les dossiers maladie, mutuelle et prévoyance,",Administration du Personnel - Formation - Gestion RH,https://www.emploi.ma/offre-emploi-maroc/charge-ressource-humaines-junior-interim-hf-casablanca-sidi-maarouf-9316771,2026-04-17,2026-04-19T22:54:42.147475
emploi_ma,Commis Cuisine et Pâtisserie - Nouaceur,TECTRA CASA BOURGOGNE – RECRUTEMENT,Casablanca-Mohammedia,Intérim,Secteur d´activité,Débutant < 2 ans et plus,"Qualification avant bac, Bac, Bac+1, Bac+2, Bac+3, Bac+4 & Bac+5 et plus",N/A,"Pour l'un de nous clients opérant dans la restauration collective, TECTRA recrute des Commis Cuisine et Pâtisserie en intérim Mission principales assiste le chef en préparant les ingrédients, réalisant des préparations de base (fonds, sauces, pâtes) et assurant la propreté du poste selon les normes HACCP. Il effectue la mise en place, le nettoyage, et le dressage des plats, exigeant rigueur, endurance et passion Préparation (Mise en place) : Laver, éplucher, découper les légumes/fruits, peser et préparer les ingrédients. Production : Réaliser des préparations culinaires simples, pâtisseries, fonçage de tartes, et crèmes. Entretien : Nettoyer le matériel, le plan de travail et les locaux (HACCP). Soutien : Assister le chef de partie dans le dressage et l'envoi des plats.",Hygiène - Maintenance - Production - Qualité - Sécurité Alimentaire,https://www.emploi.ma/offre-emploi-maroc/commis-cuisine-patisserie-nouaceur-9316825,2026-04-17,2026-04-19T22:54:50.706879
emploi_ma,Chargé de Back Office Recouvrement et Trésorerie (H/F) - Casablanca,DEKRA SERVICES,Casablanca-Mohammedia,Intérim,Secteur d´activité,Expérience entre 2 ans et 5 ans & Expérience entre 5 ans et 10 ans,"Bac+3, Bac+4 & Bac+5 et plus",5 000 - 6 000 DH,"Nous cherchons dans le cadre de l’intérim, un(e) Chargé de Back Office Recouvrement et Trésorerie (H/F) pour le compte d’un groupe international, leader mondial dans la Commercialisation et assemblage de camions, autocars, autobus et Importation d'engins de travaux publics, sis au quartier industriel Ahl Loghlam. Vous serez en charge de : Recouvrement : Effectuer les relances écrites et téléphoniques, assurer le suivi des dossiers clients et mettre à jour les outils de gestion Effectuer les relances écrites et téléphoniques, assurer le suivi des dossiers clients et mettre à jour les outils de gestion Gestion des impayés : Suivi des dossiers de recouvrement de l'ouverture à la clôture, relances par courrier ou courriel. Lettrage des comptes clients, réconciliation des paiements et régularisation des comptes. Envoi des relevés clients Suivi et reporting : Gestion des demandes d’augmentation temporaire et de blocage des comptes clients sur CREDIT PORTAL. Analyse de la balance âgée, suivi des encaissements et reporting. Procédures contentieuses : Préparation des dossiers pour le recouvrement judiciaire ou la transmission aux cabinets spécialisés. Back office Trésorerie: Scannérisations des chèques et effets Suivi du portefeuille des effets Suivi quotidien des positions bancaires, équilibrage des comptes Gestion des encaissements/ décaissements Assurer le règlement/livraison des transactions, initier les virements et gérer les positions cash Effectuer les rapprochements bancaires, analyser les suspens comptables et justifier les écarts Produire les états de position de trésorerie, les prévisions de liquidité et les rapports d'incidents.",Comptabilité - Finance - Gestion - Gestion des Encaissements - Gestion des Impayés - Recouvrement - Trésorerie,https://www.emploi.ma/offre-emploi-maroc/charge-back-office-recouvrement-tresorerie-hf-casablanca-9317205,2026-04-17,2026-04-19T22:54:59.903782
emploi_ma,Comptable Junior – Comptabilité Clients (H/F) - Casablanca,SDK WOOD,Casablanca-Mohammedia,CDI,Secteur d´activité,Débutant < 2 ans,"Bac+3, Bac+4 & Bac+5 et plus",N/A,"Dans le cadre du renforcement de notre équipe financière, nous recherchons un(e) Comptable Junior spécialisé(e) en comptabilité clients. Votre rôle : Vous intervenez au cœur du suivi du chiffre d’affaires et de la gestion client, avec un impact direct sur la fiabilité des comptes et le cash de l’entreprise. Vos principales missions : Suivi, lettrage et analyse des comptes clients Saisie et contrôle des encaissements Relances clients en coordination avec le recouvrement Gestion des factures et traitement des litiges Contribution aux clôtures mensuelles Poste basé à Ain chock , boulevard Mohamed 6",Comptabilité Générale - Gestion des Factures - Recouvrement,https://www.emploi.ma/offre-emploi-maroc/comptable-junior-comptabilite-clients-hf-casablanca-9317600,2026-04-17,2026-04-19T22:55:08.943035
emploi_ma,Agent de Méthodes - Mohammedia,BRIQUETERIE JBEL ANNOUR,Casablanca-Mohammedia,CDI,Secteur d´activité,Débutant < 2 ans et plus,"Bac+2, Bac+3, Bac+4 & Bac+5 et plus",N/A,"Nous sommes à la recherche des Agents de Méthodes. L’Agent de Méthodes joue un rôle clé dans l’amélioration continue des processus de production et l’optimisation des ressources industrielles. Il/elle est responsable de l’analyse des méthodes de travail, de l’élaboration des documents techniques et de la mise en œuvre des solutions visant à garantir l’efficacité, la qualité et la rentabilité de la production.",N/A,https://www.emploi.ma/offre-emploi-maroc/agent-methodes-mohammedia-9265523,2026-04-17,2026-04-19T22:55:17.786289
emploi_ma,Archiviste - Casablanca,DEKRA SERVICES,Casablanca-Mohammedia,Intérim,Secteur d´activité,Expérience entre 2 ans et 5 ans,Bac+3,N/A,"Notre client, une grande multinationale industrielle basée à Sidi Maarouf, cherche dans le cadre de l’intérim un Archiviste.",Assistanat - NET - Secrétariat,https://www.emploi.ma/offre-emploi-maroc/archiviste-casablanca-9329682,2026-04-16,2026-04-19T22:55:26.816557
emploi_ma,Agent de Maintenance - Bouznika,TECTRA,Casablanca-Mohammedia,Intérim,Secteur d´activité,Expérience entre 2 ans et 5 ans,Bac+2,à discuter,"Nous recherchons des Agents de Maintenance sur la région de Bouznika pour rejoindre notre équipe. Ce poste implique la réalisation d'opérations de maintenance préventive et corrective sur des équipements industriels, ainsi que le suivi des performances techniques pour assurer une production fluide et efficace. Le poste nécessite également une intervention rapide en cas de panne ou de dysfonctionnement, tout en respectant les normes de sécurité en vigueur.",Électromécanique - Fluide - Maintenance - Maintenance Préventive - Production - Qualité,https://www.emploi.ma/offre-emploi-maroc/agent-maintenance-bouznika-9329666,2026-04-16,2026-04-19T22:55:34.356810
emploi_ma,Business Developer – Data Center en CDD (H/F)  - Casablanca Sidi Maarouf,DEKRA SERVICES,Casablanca-Mohammedia,CDD,Secteur d´activité,Expérience entre 2 ans et 5 ans & Expérience entre 5 ans et 10 ans,Bac+5 et plus,N/A,"Notre client, opérateur international dans le domaine des télécommunications et leader mondial de son secteur, cherche dans le cadre du développement de ses activités dans le domaine des Data Centers, un(e) Business Developer spécialisé(e) dans les solutions d’infrastructures critiques dans le cadre d'un CDD. Vous jouerez un rôle clé dans l’expansion de notre présence sur le marché marocain des Data Centers, en développant de nouvelles opportunités commerciales et en renforçant notre réseau de partenaires. Vos missions principales : Développer de nouveaux clients dans le domaine des infrastructures de Data Centers (DCF) Promouvoir les solutions proposées (UPS, refroidissement de précision, Modular DC, DCIM, etc.) Identifier et recruter de nouveaux partenaires commerciaux Entretenir et développer les relations avec les distributeurs, partenaires et clients existants Participer activement à la stratégie commerciale et à la croissance du business",Négociation - Stratégie Commerciale - Vente,https://www.emploi.ma/offre-emploi-maroc/business-developer-data-center-cdd-hf-casablanca-sidi-maarouf-9329639,2026-04-16,2026-04-19T22:55:44.116141
emploi_ma,Comptable - Casablanca,TECTRA,Casablanca-Mohammedia,CDI,Secteur d´activité,Expérience entre 2 ans et 5 ans,Bac+2,6 000 - 8 000 DH,Tectra recrute pour son client sur Casablanca une Comptable en CDI . Vous aurez pour missions : Saisie des écritures comptables Facturation Rapprochement bancaire Gestion de trésorerie - Contrat : CDI - Rémunération : 6000 dh net,Comptabilité - Écritures Comptables - Facturation - Finance - Gestion - Rapprochement Bancaire - Trésorerie,https://www.emploi.ma/offre-emploi-maroc/comptable-casablanca-9329602,2026-04-16,2026-04-19T22:55:52.576519
emploi_ma,Peintre Bâtiment - Mohammedia,TECTRA,Casablanca-Mohammedia,Intérim,Secteur d´activité,Expérience entre 2 ans et 5 ans,Qualification avant bac,4000 dh net,Tectra recrute un Peintre Bâtiment pour son client en pétrochimie sur Mohammedia . Contrat : intérim+avantages sociaux Rémunération : 4000 dh net Transport et cantine assurés,Maintenance - Production - Qualité,https://www.emploi.ma/offre-emploi-maroc/peintre-batiment-mohammedia-9329576,2026-04-16,2026-04-19T22:56:01.095291
